{
  "name": "LightedPolesPlus",
  "version": "1.9.0",
  "title": "Lighted Electric Poles +",
  "author": "Optera",
  "contact": "https://forums.factorio.com/memberlist.php?mode=viewprofile&u=21729",
  "homepage": "",
  "description": "Adds copies of electric poles, including modded ones, with integrated lamps.",
  "factorio_version": "1.1",
  "dependencies": [
    "base >= 1.1.0",
    "flib >= 0.6.0",
    "(?)ShinyBobGFX",
    "(?)ShinyBob_Icons",
    "(?)reskins-bobs",
    "(?)aai-industry",
    "(?)nullius"
  ]
}
