{
  "name": "UltimateResearchQueue",
  "version": "1.0.12",
  "title": "Ultimate Research Queue",
  "description": "Queue technologies for research, see research time ETAs, automatically research all prerequisites, auto-research infinite technologies.",
  "author": "raiguard",
  "contact": "https://github.com/raiguard/UltimateResearchQueue",
  "homepage": "https://github.com/raiguard/UltimateResearchQueue",
  "factorio_version": "1.1",
  "dependencies": [
    "base >= 1.1.74",
    "flib >= 0.12.0",
    "? RecipeBook",
    "! sonaxaton-research-queue"
  ],
  "package": {
    "ignore": [ "crowdin.yml", "imgui.ini", "screenshots/*", "stylua.toml" ],
    "scripts": {
      "prepublish": "factorio-crowdin-sync"
    },
    "sync_portal_details": true
  }
}
